[
  {
    "name": "Choa Chu Kang",
    "code": "BP1 NS4",
    "type": "Bukit Panjang LRT",
    "loc": {
      "lat": 1.385417,
      "lng": 103.744316
    }
  },
  {
    "name": "South View",
    "code": "BP2",
    "type": "Bukit Panjang LRT",
    "loc": {
      "lat": 1.380299,
      "lng": 103.745286
    }
  },
  {
    "name": "Keat Hong",
    "code": "BP3",
    "type": "Bukit Panjang LRT",
    "loc": {
      "lat": 1.378604,
      "lng": 103.749058
    }
  },
  {
    "name": "Teck Whye",
    "code": "BP4",
    "type": "Bukit Panjang LRT",
    "loc": {
      "lat": 1.376738,
      "lng": 103.753665
    }
  },
  {
    "name": "Phoenix",
    "code": "BP5",
    "type": "Bukit Panjang LRT",
    "loc": {
      "lat": 1.378798,
      "lng": 103.758021
    }
  },
  {
    "name": "Bukit Panjang",
    "code": "BP6 DT1",
    "type": "Bukit Panjang LRT",
    "loc": {
      "lat": 1.37834,
      "lng": 103.762452
    }
  },
  {
    "name": "Petir",
    "code": "BP7",
    "type": "Bukit Panjang LRT",
    "loc": {
      "lat": 1.377828,
      "lng": 103.76655
    }
  },
  {
    "name": "Pending",
    "code": "BP8",
    "type": "Bukit Panjang LRT",
    "loc": {
      "lat": 1.376223,
      "lng": 103.771277
    }
  },
  {
    "name": "Bangkit",
    "code": "BP9",
    "type": "Bukit Panjang LRT",
    "loc": {
      "lat": 1.380281,
      "lng": 103.772576
    }
  },
  {
    "name": "Fajar",
    "code": "BP10",
    "type": "Bukit Panjang LRT",
    "loc": {
      "lat": 1.384502,
      "lng": 103.770862
    }
  },
  {
    "name": "Segar",
    "code": "BP11",
    "type": "Bukit Panjang LRT",
    "loc": {
      "lat": 1.387713,
      "lng": 103.769599
    }
  },
  {
    "name": "Jelapang",
    "code": "BP12",
    "type": "Bukit Panjang LRT",
    "loc": {
      "lat": 1.386703,
      "lng": 103.764547
    }
  },
  {
    "name": "Senja",
    "code": "BP13",
    "type": "Bukit Panjang LRT",
    "loc": {
      "lat": 1.382852,
      "lng": 103.762312
    }
  },
  {
    "name": "Ten Mile Junction",
    "code": "BP14",
    "type": "Bukit Panjang LRT"
  },
  {
    "name": "Sengkang",
    "code": "NE16 STC",
    "type": "Sengkang LRT",
    "loc": {
      "lat": 1.391682,
      "lng": 103.895475
    }
  },
  {
    "name": "Compassvale",
    "code": "SE1",
    "type": "Sengkang LRT",
    "loc": {
      "lat": 1.394615,
      "lng": 103.900443
    }
  },
  {
    "name": "Rumbia",
    "code": "SE2",
    "type": "Sengkang LRT",
    "loc": {
      "lat": 1.391553,
      "lng": 103.905947
    }
  },
  {
    "name": "Bakau",
    "code": "SE3",
    "type": "Sengkang LRT",
    "loc": {
      "lat": 1.38804,
      "lng": 103.905412
    }
  },
  {
    "name": "Kangkar",
    "code": "SE4",
    "type": "Sengkang LRT",
    "loc": {
      "lat": 1.383957,
      "lng": 103.90216
    }
  },
  {
    "name": "Ranggung",
    "code": "SE5",
    "type": "Sengkang LRT",
    "loc": {
      "lat": 1.384116,
      "lng": 103.897386
    }
  },
  {
    "name": "Cheng Lim",
    "code": "SW1",
    "type": "Sengkang LRT",
    "loc": {
      "lat": 1.396332,
      "lng": 103.89379
    }
  },
  {
    "name": "Farmway",
    "code": "SW2",
    "type": "Sengkang LRT",
    "loc": {
      "lat": 1.397178,
      "lng": 103.889168
    }
  },
  {
    "name": "Kupang",
    "code": "SW3",
    "type": "Sengkang LRT",
    "loc": {
      "lat": 1.398271,
      "lng": 103.881283
    }
  },
  {
    "name": "Thanggam",
    "code": "SW4",
    "type": "Sengkang LRT",
    "loc": {
      "lat": 1.397378,
      "lng": 103.87561
    }
  },
  {
    "name": "Fernvale",
    "code": "SW5",
    "type": "Sengkang LRT",
    "loc": {
      "lat": 1.392033,
      "lng": 103.876256
    }
  },
  {
    "name": "Layar",
    "code": "SW6",
    "type": "Sengkang LRT",
    "loc": {
      "lat": 1.392141,
      "lng": 103.880022
    }
  },
  {
    "name": "Tongkang",
    "code": "SW7",
    "type": "Sengkang LRT",
    "loc": {
      "lat": 1.389519,
      "lng": 103.885829
    }
  },
  {
    "name": "Renjong",
    "code": "SW8",
    "type": "Sengkang LRT",
    "loc": {
      "lat": 1.386827,
      "lng": 103.890541
    }
  },
  {
    "name": "Punggol",
    "code": "PTC NE17",
    "type": "Punggol LRT",
    "loc": {
      "lat": 1.405191,
      "lng": 103.902367
    }
  },
  {
    "name": "Cove",
    "code": "PE1",
    "type": "Punggol LRT",
    "loc": {
      "lat": 1.399534,
      "lng": 103.905792
    }
  },
  {
    "name": "Meridian",
    "code": "PE2",
    "type": "Punggol LRT",
    "loc": {
      "lat": 1.397002,
      "lng": 103.908884
    }
  },
  {
    "name": "Coral Edge",
    "code": "PE3",
    "type": "Punggol LRT",
    "loc": {
      "lat": 1.39392,
      "lng": 103.912633
    }
  },
  {
    "name": "Riviera",
    "code": "PE4",
    "type": "Punggol LRT",
    "loc": {
      "lat": 1.39454,
      "lng": 103.916056
    }
  },
  {
    "name": "Kadaloor",
    "code": "PE5",
    "type": "Punggol LRT",
    "loc": {
      "lat": 1.399633,
      "lng": 103.916536
    }
  },
  {
    "name": "Oasis",
    "code": "PE6",
    "type": "Punggol LRT",
    "loc": {
      "lat": 1.402304,
      "lng": 103.912736
    }
  },
  {
    "name": "Damai",
    "code": "PE7",
    "type": "Punggol LRT",
    "loc": {
      "lat": 1.405293,
      "lng": 103.908606
    }
  },
  {
    "name": "Sam Kee",
    "code": "PW1",
    "type": "Punggol LRT",
    "loc": {
      "lat": 1.409808,
      "lng": 103.90492
    }
  },
  {
    "name": "Teck Lee",
    "code": "PW2",
    "type": "Punggol LRT",
    "loc": {
      "lat": 1.412783,
      "lng": 103.906565
    }
  },
  {
    "name": "Pungol Point",
    "code": "PW3",
    "type": "Punggol LRT",
    "loc": {
      "lat": 1.416932,
      "lng": 103.90668
    }
  },
  {
    "name": "Samudera",
    "code": "PW4",
    "type": "Punggol LRT",
    "loc": {
      "lat": 1.415955,
      "lng": 103.902185
    }
  },
  {
    "name": "Nibong",
    "code": "PW5",
    "type": "Punggol LRT",
    "loc": {
      "lat": 1.411865,
      "lng": 103.900321
    }
  },
  {
    "name": "Sumang",
    "code": "PW6",
    "type": "Punggol LRT",
    "loc": {
      "lat": 1.408501,
      "lng": 103.898605
    }
  },
  {
    "name": "Soo Teck",
    "code": "PW7",
    "type": "Punggol LRT",
    "loc": {
      "lat": 1.405436,
      "lng": 103.897287
    }
  }
]