[
  {
    "codes": ["NS10"],
    "name": "Admiralty",
    "abbreviation": "ADM",
    "line": ["NSL"],
    "lat": 1.436984,
    "lng": 103.786406
  },
  {
    "codes": ["EW9"],
    "name": "Aljunied",
    "abbreviation": "ALJ",
    "line": ["EWL"],
    "lat": 1.316474,
    "lng": 103.882762
  },
  {
    "codes": ["NS16"],
    "name": "Ang Mo Kio",
    "abbreviation": "AMK",
    "line": ["NSL"],
    "lat": 1.370025,
    "lng": 103.849588
  },
  {
    "codes": ["CC12"],
    "name": "Bartley",
    "abbreviation": "BLY",
    "line": ["CCL"],
    "lat": 1.342923,
    "lng": 103.87966
  },
  {
    "codes": ["CE1", "DT16"],
    "name": "Bayfront",
    "abbreviation": "BFT",
    "line": ["CCL", "DTL"],
    "lat": 1.281371,
    "lng": 103.858998
  },
  {
    "codes": ["TE29"],
    "name": "Bayshore",
    "abbreviation": "BSR",
    "line": ["TEL"]
  },
  {
    "codes": ["DT5"],
    "name": "Beauty World",
    "abbreviation": "BTW",
    "line": ["DTL"],
    "lat": 1.341607,
    "lng": 103.775682
  },
  {
    "codes": ["EW5"],
    "name": "Bedok",
    "abbreviation": "BDK",
    "line": ["EWL"],
    "lat": 1.324043,
    "lng": 103.930205
  },
  {
    "codes": ["DT29"],
    "name": "Bedok North",
    "abbreviation": "BDN",
    "line": ["DTL"],
    "lat": 1.335268,
    "lng": 103.918054
  },
  {
    "codes": ["DT30"],
    "name": "Bedok Reservoir",
    "abbreviation": "BDR",
    "line": ["DTL"],
    "lat": 1.336595,
    "lng": 103.93307
  },
  {
    "codes": ["DT21"],
    "name": "Bencoolen",
    "abbreviation": "BCL",
    "line": ["DTL"],
    "lat": 1.298477,
    "lng": 103.849984
  },
  {
    "codes": ["DT23"],
    "name": "Bendemeer",
    "abbreviation": "BDM",
    "line": ["DTL"],
    "lat": 1.313674,
    "lng": 103.863098
  },
  {
    "codes": ["NS17", "CC15"],
    "name": "Bishan",
    "abbreviation": "BSH",
    "line": ["NSL", "CCL"],
    "lat": 1.35092,
    "lng": 103.848206
  },
  {
    "codes": ["NE9"],
    "name": "Boon Keng",
    "abbreviation": "BNK",
    "line": ["NEL"],
    "lat": 1.320091,
    "lng": 103.861655
  },
  {
    "codes": ["EW27"],
    "name": "Boon Lay",
    "abbreviation": "BNL",
    "line": ["EWL"],
    "lat": 1.33862,
    "lng": 103.705817
  },
  {
    "codes": ["CC19", "DT9"],
    "name": "Botanic Gardens",
    "abbreviation": "BTN",
    "line": ["CCL", "DTL"],
    "lat": 1.322387,
    "lng": 103.814905
  },
  {
    "codes": ["NS18"],
    "name": "Braddell",
    "abbreviation": "BDL",
    "line": ["NSL"],
    "lat": 1.34055,
    "lng": 103.847098
  },
  {
    "codes": ["CC2"],
    "name": "Bras Basah",
    "abbreviation": "BBS",
    "line": ["CCL"],
    "lat": 1.296978,
    "lng": 103.850715
  },
  {
    "codes": ["TE7"],
    "name": "Bright Hill",
    "abbreviation": "BRH",
    "line": ["TEL"]
  },
  {
    "codes": ["NE15"],
    "name": "Buangkok",
    "abbreviation": "BGK",
    "line": ["NEL"],
    "lat": 1.382991,
    "lng": 103.893347
  },
  {
    "codes": ["EW12", "DT14"],
    "name": "Bugis",
    "abbreviation": "BGS",
    "line": ["EWL", "DTL"],
    "lat": 1.300747,
    "lng": 103.855873
  },
  {
    "codes": ["NS2"],
    "name": "Bukit Batok",
    "abbreviation": "BBT",
    "line": ["NSL"],
    "lat": 1.349069,
    "lng": 103.749596
  },
  {
    "codes": ["NS3"],
    "name": "Bukit Gombak",
    "abbreviation": "BGB",
    "line": ["NSL"],
    "lat": 1.359043,
    "lng": 103.751863
  },
  {
    "codes": ["DT1", "BP6"],
    "name": "Bukit Panjang",
    "abbreviation": "BKP",
    "line": ["DTL", "BP"],
    "lat": 1.37834,
    "lng": 103.762452
  },
  {
    "codes": ["EW21", "CC22"],
    "name": "Buona Vista",
    "abbreviation": "BNV",
    "line": ["EWL", "CCL"],
    "lat": 1.307337,
    "lng": 103.790046
  },
  {
    "codes": ["CC17", "TE9"],
    "name": "Caldecott",
    "abbreviation": "CDT",
    "line": ["CCL", "TEL"],
    "lat": 1.337649,
    "lng": 103.839627
  },
  {
    "codes": ["NS12"],
    "name": "Canberra",
    "abbreviation": "CBR",
    "line": ["NSL"]
  },
  {
    "codes": ["DT2"],
    "name": "Cashew",
    "abbreviation": "CSW",
    "line": ["DTL"],
    "lat": 1.369997,
    "lng": 103.764569
  },
  {
    "codes": ["CG2"],
    "name": "Changi Airport",
    "abbreviation": "CGA",
    "line": ["CGL"],
    "lat": 1.357622,
    "lng": 103.988487
  },
  {
    "codes": ["NE4", "DT19"],
    "name": "Chinatown",
    "abbreviation": "CNT",
    "line": ["NEL", "DTL"],
    "lat": 1.284566,
    "lng": 103.843626
  },
  {
    "codes": ["EW25"],
    "name": "Chinese Garden",
    "abbreviation": "CNG",
    "line": ["EWL"],
    "lat": 1.342436,
    "lng": 103.732582
  },
  {
    "codes": ["NS4", "BP1"],
    "name": "Choa Chu Kang",
    "abbreviation": "CCK",
    "line": ["NSL", "BP"],
    "lat": 1.385417,
    "lng": 103.744316
  },
  {
    "codes": ["NS25", "EW13"],
    "name": "City Hall",
    "abbreviation": "CTH",
    "line": ["NSL", "EWL"],
    "lat": 1.293119,
    "lng": 103.852089
  },
  {
    "codes": ["NE5"],
    "name": "Clarke Quay",
    "abbreviation": "CQY",
    "line": ["NEL"],
    "lat": 1.288949,
    "lng": 103.847521
  },
  {
    "codes": ["EW23"],
    "name": "Clementi",
    "abbreviation": "CLE",
    "line": ["EWL"],
    "lat": 1.314925,
    "lng": 103.765341
  },
  {
    "codes": ["EW20"],
    "name": "Commonwealth",
    "abbreviation": "COM",
    "line": ["EWL"],
    "lat": 1.302439,
    "lng": 103.798326
  },
  {
    "codes": ["CC8"],
    "name": "Dakota",
    "abbreviation": "DKT",
    "line": ["CCL"],
    "lat": 1.308474,
    "lng": 103.888825
  },
  {
    "codes": ["NS24", "NE6", "CC1"],
    "name": "Dhoby Ghaut",
    "abbreviation": "DBG",
    "line": ["NSL", "NEL", "CCL"],
    "lat": 1.299169,
    "lng": 103.845799
  },
  {
    "codes": ["EW22"],
    "name": "Dover",
    "abbreviation": "DVR",
    "line": ["EWL"],
    "lat": 1.311414,
    "lng": 103.778596
  },
  {
    "codes": ["DT17"],
    "name": "Downtown",
    "abbreviation": "DTN",
    "line": ["DTL"],
    "lat": 1.27949,
    "lng": 103.852802
  },
  {
    "codes": ["CC3"],
    "name": "Esplanade",
    "abbreviation": "EPN",
    "line": ["CCL"],
    "lat": 1.293995,
    "lng": 103.855396
  },
  {
    "codes": ["EW7"],
    "name": "Eunos",
    "abbreviation": "EUN",
    "line": ["EWL"],
    "lat": 1.319809,
    "lng": 103.902888
  },
  {
    "codes": ["CG1", "DT35"],
    "name": "Expo",
    "abbreviation": "XPO",
    "line": ["CGL", "DTL"],
    "lat": 1.334479,
    "lng": 103.961459
  },
  {
    "codes": ["NE8"],
    "name": "Farrer Park",
    "abbreviation": "FRP",
    "line": ["NEL"],
    "lat": 1.312679,
    "lng": 103.854872
  },
  {
    "codes": ["CC20"],
    "name": "Farrer Road",
    "abbreviation": "FRR",
    "line": ["CCL"],
    "lat": 1.317606,
    "lng": 103.807711
  },
  {
    "codes": ["DT20"],
    "name": "Fort Canning",
    "abbreviation": "FCN",
    "line": ["DTL"],
    "lat": 1.291631,
    "lng": 103.844621
  },
  {
    "codes": ["TE22"],
    "name": "Gardens by the Bay",
    "abbreviation": "GRB",
    "line": ["TEL"]
  },
  {
    "codes": ["DT24"],
    "name": "Geylang Bahru",
    "abbreviation": "GLB",
    "line": ["DTL"],
    "lat": 1.321479,
    "lng": 103.871457
  },
  {
    "codes": ["TE15"],
    "name": "Great World",
    "abbreviation": "GRW",
    "line": ["TEL"]
  },
  {
    "codes": ["EW30"],
    "name": "Gul Circle",
    "abbreviation": "GCL",
    "line": ["EWL"],
    "lat": 1.319809,
    "lng": 103.66083
  },
  {
    "codes": ["NE1", "CC29"],
    "name": "HarbourFront",
    "abbreviation": "HBF",
    "line": ["NEL", "CCL"],
    "lat": 1.265453,
    "lng": 103.820514
  },
  {
    "codes": ["TE16"],
    "name": "Havelock",
    "abbreviation": "HVL",
    "line": ["TEL"]
  },
  {
    "codes": ["CC25"],
    "name": "Haw Par Villa",
    "abbreviation": "HPV",
    "line": ["CCL"],
    "lat": 1.283149,
    "lng": 103.781991
  },
  {
    "codes": ["DT3"],
    "name": "Hillview",
    "abbreviation": "HVW",
    "line": ["DTL"],
    "lat": 1.363185,
    "lng": 103.767371
  },
  {
    "codes": ["CC21"],
    "name": "Holland Village",
    "abbreviation": "HLV",
    "line": ["CCL"],
    "lat": 1.311189,
    "lng": 103.796119
  },
  {
    "codes": ["NE14"],
    "name": "Hougang",
    "abbreviation": "HGN",
    "line": ["NEL"],
    "lat": 1.371406,
    "lng": 103.892533
  },
  {
    "codes": ["DT4"],
    "name": "Hume",
    "abbreviation": "HME",
    "line": ["DTL"]
  },
  {
    "codes": ["DT22"],
    "name": "Jalan Besar",
    "abbreviation": "JLB",
    "line": ["DTL"],
    "lat": 1.305551,
    "lng": 103.855443
  },
  {
    "codes": ["EW29"],
    "name": "Joo Koon",
    "abbreviation": "JKN",
    "line": ["EWL"],
    "lat": 1.327826,
    "lng": 103.678318
  },
  {
    "codes": ["NS1", "EW24"],
    "name": "Jurong East",
    "abbreviation": "JUR",
    "line": ["NSL", "EWL"],
    "lat": 1.333207,
    "lng": 103.742308
  },
  {
    "codes": ["DT28"],
    "name": "Kaki Bukit",
    "abbreviation": "KKB",
    "line": ["DTL"],
    "lat": 1.335076,
    "lng": 103.909057
  },
  {
    "codes": ["EW10"],
    "name": "Kallang",
    "abbreviation": "KAL",
    "line": ["EWL"],
    "lat": 1.311532,
    "lng": 103.871372
  },
  {
    "codes": ["TE24"],
    "name": "Katong Park",
    "abbreviation": "KTP",
    "line": ["TEL"]
  },
  {
    "codes": ["EW6"],
    "name": "Kembangan",
    "abbreviation": "KEM",
    "line": ["EWL"],
    "lat": 1.320998,
    "lng": 103.913433
  },
  {
    "codes": ["CC24"],
    "name": "Kent Ridge",
    "abbreviation": "KRG",
    "line": ["CCL"],
    "lat": 1.293629,
    "lng": 103.784441
  },
  {
    "codes": ["NS14"],
    "name": "Khatib",
    "abbreviation": "KTB",
    "line": ["NSL"],
    "lat": 1.417423,
    "lng": 103.832995
  },
  {
    "codes": ["DT6"],
    "name": "King Albert Park",
    "abbreviation": "KAP",
    "line": ["DTL"],
    "lat": 1.335721,
    "lng": 103.783203
  },
  {
    "codes": ["NE13"],
    "name": "Kovan",
    "abbreviation": "KVN",
    "line": ["NEL"],
    "lat": 1.360207,
    "lng": 103.885163
  },
  {
    "codes": ["NS7"],
    "name": "Kranji",
    "abbreviation": "KRJ",
    "line": ["NSL"],
    "lat": 1.425302,
    "lng": 103.762049
  },
  {
    "codes": ["CC27"],
    "name": "Labrador Park",
    "abbreviation": "LBD",
    "line": ["CCL"],
    "lat": 1.27218,
    "lng": 103.802557
  },
  {
    "codes": ["EW26"],
    "name": "Lakeside",
    "abbreviation": "LKS",
    "line": ["EWL"],
    "lat": 1.344264,
    "lng": 103.720797
  },
  {
    "codes": ["EW11"],
    "name": "Lavender",
    "abbreviation": "LVR",
    "line": ["EWL"],
    "lat": 1.307577,
    "lng": 103.863155
  },
  {
    "codes": ["TE5"],
    "name": "Lentor",
    "abbreviation": "LTR",
    "line": ["TEL"]
  },
  {
    "codes": ["NE7", "DT12"],
    "name": "Little India",
    "abbreviation": "LTI",
    "line": ["NEL", "DTL"],
    "lat": 1.306691,
    "lng": 103.849396
  },
  {
    "codes": ["CC14"],
    "name": "Lorong Chuan",
    "abbreviation": "LRC",
    "line": ["CCL"],
    "lat": 1.35153,
    "lng": 103.864957
  },
  {
    "codes": ["CC10", "DT26"],
    "name": "MacPherson",
    "abbreviation": "MPS",
    "line": ["CCL", "DTL"],
    "lat": 1.326769,
    "lng": 103.889901
  },
  {
    "codes": ["NS27", "CE2", "TE20"],
    "name": "Marina Bay",
    "abbreviation": "MRB",
    "line": ["NSL", "CCL", "TEL"],
    "lat": 1.276481,
    "lng": 103.854598
  },
  {
    "codes": ["NS28"],
    "name": "Marina South Pier",
    "abbreviation": "MSP",
    "line": ["NSL"],
    "lat": 1.271422,
    "lng": 103.863581
  },
  {
    "codes": ["TE26"],
    "name": "Marine Parade",
    "abbreviation": "MPR",
    "line": ["TEL"]
  },
  {
    "codes": ["TE27"],
    "name": "Marine Terrace",
    "abbreviation": "MTC",
    "line": ["TEL"]
  },
  {
    "codes": ["NS8"],
    "name": "Marsiling",
    "abbreviation": "MSL",
    "line": ["NSL"],
    "lat": 1.432579,
    "lng": 103.77415
  },
  {
    "codes": ["CC16"],
    "name": "Marymount",
    "abbreviation": "MRM",
    "line": ["CCL"],
    "lat": 1.349089,
    "lng": 103.839116
  },
  {
    "codes": ["DT25"],
    "name": "Mattar",
    "abbreviation": "MTR",
    "line": ["DTL"],
    "lat": 1.326878,
    "lng": 103.883304
  },
  {
    "codes": ["TE18"],
    "name": "Maxwell",
    "abbreviation": "MAX",
    "line": ["TEL"]
  },
  {
    "codes": ["TE6"],
    "name": "Mayflower",
    "abbreviation": "MFL",
    "line": ["TEL"]
  },
  {
    "codes": ["CC7"],
    "name": "Mountbatten",
    "abbreviation": "MBT",
    "line": ["CCL"],
    "lat": 1.306106,
    "lng": 103.883175
  },
  {
    "codes": ["TE12"],
    "name": "Napier",
    "abbreviation": "NPR",
    "line": ["TEL"]
  },
  {
    "codes": ["NS21", "DT11"],
    "name": "Newton",
    "abbreviation": "NEW",
    "line": ["NSL", "DTL"],
    "lat": 1.31383,
    "lng": 103.838021
  },
  {
    "codes": ["CC5"],
    "name": "Nicoll Highway",
    "abbreviation": "NCH",
    "line": ["CCL"],
    "lat": 1.300292,
    "lng": 103.863449
  },
  {
    "codes": ["NS20"],
    "name": "Novena",
    "abbreviation": "NOV",
    "line": ["NSL"],
    "lat": 1.320089,
    "lng": 103.843405
  },
  {
    "codes": ["CC23"],
    "name": "one-north",
    "abbreviation": "ONH",
    "line": ["CCL"],
    "lat": 1.299854,
    "lng": 103.787584
  },
  {
    "codes": ["NS22", "TE14"],
    "name": "Orchard",
    "abbreviation": "ORC",
    "line": ["NSL", "TEL"],
    "lat": 1.304041,
    "lng": 103.831792
  },
  {
    "codes": ["TE13"],
    "name": "Orchard Boulevard",
    "abbreviation": "OBV",
    "line": ["TEL"]
  },
  {
    "codes": ["EW16", "NE3", "TE17"],
    "name": "Outram Park",
    "abbreviation": "OTP",
    "line": ["EWL", "NEL", "TEL"],
    "lat": 1.280319,
    "lng": 103.839459
  },
  {
    "codes": ["CC26"],
    "name": "Pasir Panjang",
    "abbreviation": "PPJ",
    "line": ["CCL"],
    "lat": 1.276111,
    "lng": 103.791893
  },
  {
    "codes": ["EW1"],
    "name": "Pasir Ris",
    "abbreviation": "PSR",
    "line": ["EWL"],
    "lat": 1.373234,
    "lng": 103.949343
  },
  {
    "codes": ["EW8", "CC9"],
    "name": "Paya Lebar",
    "abbreviation": "PYL",
    "line": ["EWL", "CCL"],
    "lat": 1.318214,
    "lng": 103.893133
  },
  {
    "codes": ["EW28"],
    "name": "Pioneer",
    "abbreviation": "PNR",
    "line": ["EWL"],
    "lat": 1.337645,
    "lng": 103.69742
  },
  {
    "codes": ["NE10"],
    "name": "Potong Pasir",
    "abbreviation": "PTP",
    "line": ["NEL"],
    "lat": 1.331316,
    "lng": 103.868779
  },
  {
    "codes": ["CC4", "DT15"],
    "name": "Promenade",
    "abbreviation": "PMN",
    "line": ["CCL", "DTL"],
    "lat": 1.294063,
    "lng": 103.860156
  },
  {
    "codes": ["NE18"],
    "name": "Punggol Coast",
    "abbreviation": "PGC",
    "line": ["NEL"]
  },
  {
    "codes": ["NE17", "PTC"],
    "name": "Punggol",
    "abbreviation": "PGL",
    "line": ["NEL", "PG"],
    "lat": 1.405191,
    "lng": 103.902367
  },
  {
    "codes": ["EW19"],
    "name": "Queenstown",
    "abbreviation": "QUE",
    "line": ["EWL"],
    "lat": 1.294867,
    "lng": 103.805902
  },
  {
    "codes": ["NS26", "EW14"],
    "name": "Raffles Place",
    "abbreviation": "RFP",
    "line": ["NSL", "EWL"],
    "lat": 1.284001,
    "lng": 103.85155
  },
  {
    "codes": ["EW18"],
    "name": "Redhill",
    "abbreviation": "RDH",
    "line": ["EWL"],
    "lat": 1.289674,
    "lng": 103.816787
  },
  {
    "codes": ["DT13"],
    "name": "Rochor",
    "abbreviation": "RCR",
    "line": ["DTL"],
    "lat": 1.303601,
    "lng": 103.852581
  },
  {
    "codes": ["NS11"],
    "name": "Sembawang",
    "abbreviation": "SBW",
    "line": ["NSL"],
    "lat": 1.449133,
    "lng": 103.82006
  },
  {
    "codes": ["NE16", "STC"],
    "name": "Sengkang",
    "abbreviation": "SKG",
    "line": ["NEL", "SK"],
    "lat": 1.391682,
    "lng": 103.895475
  },
  {
    "codes": ["NE12", "CC13"],
    "name": "Serangoon",
    "abbreviation": "SER",
    "line": ["NEL", "CCL"],
    "lat": 1.349862,
    "lng": 103.873635
  },
  {
    "codes": ["TE19"],
    "name": "Shenton Way",
    "abbreviation": "SHW",
    "line": ["TEL"]
  },
  {
    "codes": ["TE28"],
    "name": "Siglap",
    "abbreviation": "SGL",
    "line": ["TEL"]
  },
  {
    "codes": ["EW3"],
    "name": "Simei",
    "abbreviation": "SIM",
    "line": ["EWL"],
    "lat": 1.343237,
    "lng": 103.953343
  },
  {
    "codes": ["DT7"],
    "name": "Sixth Avenue",
    "abbreviation": "SAV",
    "line": ["DTL"],
    "lat": 1.331221,
    "lng": 103.79718
  },
  {
    "codes": ["NS23"],
    "name": "Somerset",
    "abbreviation": "SOM",
    "line": ["NSL"],
    "lat": 1.300508,
    "lng": 103.838428
  },
  {
    "codes": ["TE4"],
    "name": "Springleaf",
    "abbreviation": "SPL",
    "line": ["TEL"]
  },
  {
    "codes": ["CC6"],
    "name": "Stadium",
    "abbreviation": "SDM",
    "line": ["CCL"],
    "lat": 1.302847,
    "lng": 103.875417
  },
  {
    "codes": ["DT10", "TE11"],
    "name": "Stevens",
    "abbreviation": "STV",
    "line": ["DTL", "TEL"],
    "lat": 1.320012,
    "lng": 103.825964
  },
  {
    "codes": ["CC11"],
    "name": "Tai Seng",
    "abbreviation": "TSG",
    "line": ["CCL"],
    "lat": 1.33594,
    "lng": 103.887706
  },
  {
    "codes": ["EW2", "DT32"],
    "name": "Tampines",
    "abbreviation": "TAM",
    "line": ["EWL", "DTL"],
    "lat": 1.354467,
    "lng": 103.943325
  },
  {
    "codes": ["DT33"],
    "name": "Tampines East",
    "abbreviation": "TPE",
    "line": ["DTL"],
    "lat": 1.35631,
    "lng": 103.955471
  },
  {
    "codes": ["DT31"],
    "name": "Tampines West",
    "abbreviation": "TPW",
    "line": ["DTL"],
    "lat": 1.345583,
    "lng": 103.938244
  },
  {
    "codes": ["DT8"],
    "name": "Tan Kah Kee",
    "abbreviation": "TKK",
    "line": ["DTL"],
    "lat": 1.325826,
    "lng": 103.807959
  },
  {
    "codes": ["EW4", "CG"],
    "name": "Tanah Merah",
    "abbreviation": "TNM",
    "line": ["EWL", "CGL"],
    "lat": 1.327309,
    "lng": 103.946479
  },
  {
    "codes": ["TE25"],
    "name": "Tanjong Katong",
    "abbreviation": "TKT",
    "line": ["TEL"]
  },
  {
    "codes": ["EW15"],
    "name": "Tanjong Pagar",
    "abbreviation": "TPG",
    "line": ["EWL"],
    "lat": 1.276385,
    "lng": 103.846771
  },
  {
    "codes": ["TE23"],
    "name": "Tanjong Rhu",
    "abbreviation": "TRH",
    "line": ["TEL"]
  },
  {
    "codes": ["DT18"],
    "name": "Telok Ayer",
    "abbreviation": "TLA",
    "line": ["DTL"],
    "lat": 1.282285,
    "lng": 103.848584
  },
  {
    "codes": ["CC28"],
    "name": "Telok Blangah",
    "abbreviation": "TLB",
    "line": ["CCL"],
    "lat": 1.270769,
    "lng": 103.809878
  },
  {
    "codes": ["EW17"],
    "name": "Tiong Bahru",
    "abbreviation": "TIB",
    "line": ["EWL"],
    "lat": 1.286555,
    "lng": 103.826956
  },
  {
    "codes": ["NS19"],
    "name": "Toa Payoh",
    "abbreviation": "TAP",
    "line": ["NSL"],
    "lat": 1.332405,
    "lng": 103.847436
  },
  {
    "codes": ["EW31"],
    "name": "Tuas Crescent",
    "abbreviation": "TCR",
    "line": ["EWL"],
    "lat": 1.321091,
    "lng": 103.649075
  },
  {
    "codes": ["EW33"],
    "name": "Tuas Link",
    "abbreviation": "TLK",
    "line": ["EWL"],
    "lat": 1.340371,
    "lng": 103.636866
  },
  {
    "codes": ["EW32"],
    "name": "Tuas West Road",
    "abbreviation": "TWR",
    "line": ["EWL"],
    "lat": 1.330075,
    "lng": 103.639636
  },
  {
    "codes": ["DT27"],
    "name": "Ubi",
    "abbreviation": "UBI",
    "line": ["DTL"],
    "lat": 1.330008,
    "lng": 103.898911
  },
  {
    "codes": ["DT34"],
    "name": "Upper Changi",
    "abbreviation": "UPC",
    "line": ["DTL"],
    "lat": 1.342218,
    "lng": 103.961505
  },
  {
    "codes": ["TE8"],
    "name": "Upper Thomson",
    "abbreviation": "UTS",
    "line": ["TEL"]
  },
  {
    "codes": ["NS9", "TE2"],
    "name": "Woodlands",
    "abbreviation": "WDL",
    "line": ["NSL", "TEL"],
    "lat": 1.436984,
    "lng": 103.786406
  },
  {
    "codes": ["TE1"],
    "name": "Woodlands North",
    "abbreviation": "WDN",
    "line": ["TEL"]
  },
  {
    "codes": ["TE3"],
    "name": "Woodlands South",
    "abbreviation": "WDS",
    "line": ["TEL"]
  },
  {
    "codes": ["NE11"],
    "name": "Woodleigh",
    "abbreviation": "WLH",
    "line": ["NEL"],
    "lat": 1.339202,
    "lng": 103.870727
  },
  {
    "codes": ["NS5"],
    "name": "Yew Tee",
    "abbreviation": "YWT",
    "line": ["NSL"],
    "lat": 1.397383,
    "lng": 103.747523
  },
  {
    "codes": ["NS15"],
    "name": "Yio Chu Kang",
    "abbreviation": "YCK",
    "line": ["NSL"],
    "lat": 1.381765,
    "lng": 103.844923
  },
  {
    "codes": ["NS13"],
    "name": "Yishun",
    "abbreviation": "YIS",
    "line": ["NSL"],
    "lat": 1.429666,
    "lng": 103.835044
  },

  {
    "codes": ["BP1", "NS4"],
    "name": "Choa Chu Kang",
    "lat": 1.385417,
    "lng": 103.744316
  },
  {
    "codes": ["BP2"],
    "name": "South View",
    "lat": 1.380299,
    "lng": 103.745286
  },
  {
    "codes": ["BP3"],
    "name": "Keat Hong",
    "lat": 1.378604,
    "lng": 103.749058
  },
  {
    "codes": ["BP4"],
    "name": "Teck Whye",
    "lat": 1.376738,
    "lng": 103.753665
  },
  { "codes": ["BP5"], "name": "Phoenix", "lat": 1.378798, "lng": 103.758021 },
  {
    "codes": ["BP6", "DT1"],
    "name": "Bukit Panjang",
    "lat": 1.37834,
    "lng": 103.762452
  },
  { "codes": ["BP7"], "name": "Petir", "lat": 1.377828, "lng": 103.76655 },
  { "codes": ["BP8"], "name": "Pending", "lat": 1.376223, "lng": 103.771277 },
  { "codes": ["BP9"], "name": "Bangkit", "lat": 1.380281, "lng": 103.772576 },
  { "codes": ["BP10"], "name": "Fajar", "lat": 1.384502, "lng": 103.770862 },
  { "codes": ["BP11"], "name": "Segar", "lat": 1.387713, "lng": 103.769599 },
  {
    "codes": ["BP12"],
    "name": "Jelapang",
    "lat": 1.386703,
    "lng": 103.764547
  },
  { "codes": ["BP13"], "name": "Senja", "lat": 1.382852, "lng": 103.762312 },
  {
    "codes": ["BP14"],
    "name": "Ten Mile Junction",
    "lat": null,
    "lng": null
  },
  {
    "codes": ["NE16", "STC"],
    "name": "Sengkang",
    "lat": 1.391682,
    "lng": 103.895475
  },
  {
    "codes": ["SE1"],
    "name": "Compassvale",
    "lat": 1.394615,
    "lng": 103.900443
  },
  { "codes": ["SE2"], "name": "Rumbia", "lat": 1.391553, "lng": 103.905947 },
  { "codes": ["SE3"], "name": "Bakau", "lat": 1.38804, "lng": 103.905412 },
  { "codes": ["SE4"], "name": "Kangkar", "lat": 1.383957, "lng": 103.90216 },
  {
    "codes": ["SE5"],
    "name": "Ranggung",
    "lat": 1.384116,
    "lng": 103.897386
  },
  {
    "codes": ["SW1"],
    "name": "Cheng Lim",
    "lat": 1.396332,
    "lng": 103.89379
  },
  { "codes": ["SW2"], "name": "Farmway", "lat": 1.397178, "lng": 103.889168 },
  { "codes": ["SW3"], "name": "Kupang", "lat": 1.398271, "lng": 103.881283 },
  { "codes": ["SW4"], "name": "Thanggam", "lat": 1.397378, "lng": 103.87561 },
  {
    "codes": ["SW5"],
    "name": "Fernvale",
    "lat": 1.392033,
    "lng": 103.876256
  },
  { "codes": ["SW6"], "name": "Layar", "lat": 1.392141, "lng": 103.880022 },
  {
    "codes": ["SW7"],
    "name": "Tongkang",
    "lat": 1.389519,
    "lng": 103.885829
  },
  { "codes": ["SW8"], "name": "Renjong", "lat": 1.386827, "lng": 103.890541 },
  {
    "codes": ["PTC", "NE17"],
    "name": "Punggol",
    "lat": 1.405191,
    "lng": 103.902367
  },
  { "codes": ["PE1"], "name": "Cove", "lat": 1.399534, "lng": 103.905792 },
  {
    "codes": ["PE2"],
    "name": "Meridian",
    "lat": 1.397002,
    "lng": 103.908884
  },
  {
    "codes": ["PE3"],
    "name": "Coral Edge",
    "lat": 1.39392,
    "lng": 103.912633
  },
  { "codes": ["PE4"], "name": "Riviera", "lat": 1.39454, "lng": 103.916056 },
  {
    "codes": ["PE5"],
    "name": "Kadaloor",
    "lat": 1.399633,
    "lng": 103.916536
  },
  { "codes": ["PE6"], "name": "Oasis", "lat": 1.402304, "lng": 103.912736 },
  { "codes": ["PE7"], "name": "Damai", "lat": 1.405293, "lng": 103.908606 },
  { "codes": ["PW1"], "name": "Sam Kee", "lat": 1.409808, "lng": 103.90492 },
  {
    "codes": ["PW2"],
    "name": "Teck Lee",
    "lat": 1.412783,
    "lng": 103.906565
  },
  {
    "codes": ["PW3"],
    "name": "Pungol Point",
    "lat": 1.416932,
    "lng": 103.90668
  },
  {
    "codes": ["PW4"],
    "name": "Samudera",
    "lat": 1.415955,
    "lng": 103.902185
  },
  { "codes": ["PW5"], "name": "Nibong", "lat": 1.411865, "lng": 103.900321 },
  { "codes": ["PW6"], "name": "Sumang", "lat": 1.408501, "lng": 103.898605 },
  { "codes": ["PW7"], "name": "Soo Teck", "lat": 1.405436, "lng": 103.897287 }
]
